position	x	y	radius
1	162.943	26.917	8.526
2	162.943	43.969	8.526
3	162.943	61.228	8.526
4	162.943	78.279	8.526
5	162.943	95.331	8.526
6	162.943	112.382	8.526
7	162.943	129.434	8.526
8	156.749	146.269	8.526
9	149	162.525	8.526
10	134.314	172.837	8.526
11	116.243	172.837	8.526
12	99.191	172.837	8.526
13	82.141	172.837	8.526
14	72.394	158.07	8.526
15	57.076	149.361	8.526
16	39.271	148.821	8.526
17	23.414	156.774	8.526
17a	12.654	170.949	8.526
18	9.026	188.494	8.526
19	13.07	205.663	8.526
20	23.549	219.471	8.526
20a	39.448	227.179	8.526
20b	57.076	226.478	8.526
21	72.394	217.708	8.526
22	82.141	203.53	8.526
23	99.191	203.53	8.526
24	116.243	203.53	8.526
25	134.314	203.53	8.526
26	151.365	209.465	8.526
27	154.185	226.517	8.526
28	154.185	243.567	8.526
29	154.185	261.41	8.526
30	154.185	278.462	8.526
31	154.185	295.513	8.526
32	147.015	311.421	8.526
33	141.627	327.839	8.526
34	154.185	339.742	8.526
35	171.571	343.293	8.526
36	188.957	339.742	8.526
37	202.279	327.838	8.526
38	197.67	311.37	8.526
39	188.957	296.228	8.526
40	188.957	279.006	8.526
41	188.957	261.956	8.526
42	188.957	244.111	8.526
43	188.957	227.061	8.526
44	195.846	210.449	8.526
45	209.795	221.661	8.526
V11	222.318	231.65	7.03
V12	233.183	241.684	7.03
V13	244.667	250.766	7.03
V14	256.385	259.438	7.03
V15	268.022	268.52	7.03
V16	279.225	277.284	7.03
V17	290.775	286.168	7.03
V1	295.474	299.621	7.03
V2	309.062	304.082	7.03
V3	322.656	298.169	7.03
V4	328.586	284.552	7.03
V5	323.364	270.859	7.03
V27	309.062	268.414	7.03
V26	297.511	259.53	7.03
V25	286.309	250.766	7.03
V24	274.672	241.684	7.03
V23	263.247	233.182	7.03
V22	251.696	224.299	7.03
V21	240.897	214.899	7.03
46	231.922	201.97	8.526
47	216.481	192.888	8.526
48	199.975	186.499	8.526
49	209.795	172.158	8.526
50	227.346	172.158	8.526
51	244.397	172.158	8.526
52	261.806	172.158	8.526
53	279.397	172.263	8.526
54	293.821	183.073	8.526
55	311.588	183.564	8.526
56	326.32	173.814	8.526
57	331.954	156.674	8.526
58	326.148	139.704	8.526
59	311.021	130.01	8.526
60	293.139	130.88	8.526
61	279.397	141.855	8.526
62	261.806	141.855	8.526
63	244.397	141.855	8.526
64	227.346	141.855	8.526
65	209.527	141.855	8.526
66	197.876	129.434	8.526
67	197.876	112.382	8.526
68	197.876	95.331	8.526
69	197.876	78.279	8.526
70	197.876	61.228	8.526
71	197.876	43.969	8.526
72	197.876	26.917	8.526
73	197.876	9.526	8.526
